Filename,Predictions
unclassified\13-1603081656.png,bad
unclassified\15-1603161067.png,bad
unclassified\15-1603161324.png,bad
unclassified\15-1603161574.png,bad
unclassified\15-1603180679.png,bad
unclassified\15-1603180928.png,bad
unclassified\15-1603181030.png,bad
unclassified\15-1603181174.png,bad
unclassified\15-1603181454.png,bad
unclassified\15-1603181921.png,bad
unclassified\15-1603267464.png,bad
unclassified\15-1603267503.png,bad
unclassified\15-1603267569.png,bad
unclassified\15-1603267632.png,bad
unclassified\15-1603267711.png,bad
unclassified\15-1603268192.png,bad
unclassified\15-1603268572.png,bad
unclassified\15-1603268644.png,bad
unclassified\15-1603332878.png,bad
unclassified\15-1603333608.png,bad
unclassified\15-1603333767.png,bad
unclassified\15-1603334302.png,bad
unclassified\15-1603334387.png,bad
unclassified\15-1603334418.png,bad
unclassified\15-1603334519.png,bad
unclassified\15-1603353671.png,bad
unclassified\15-1603353779.png,bad
unclassified\15-1603354348.png,bad
unclassified\15-1603354398.png,bad
unclassified\15-1603354588.png,bad
unclassified\15-1603354857.png,bad
unclassified\15-1603420454.png,bad
unclassified\15-1603420703.png,bad
unclassified\15-1603420801.png,bad
unclassified\15-1603439673.png,bad
unclassified\15-1603439730.png,bad
unclassified\15-1603439796.png,bad
unclassified\15-1603439848.png,bad
unclassified\15-1603439981.png,bad
unclassified\15-1603440085.png,bad
unclassified\15-1603440153.png,bad
unclassified\15-1603440217.png,bad
unclassified\15-1603441229.png,bad
unclassified\15-1606791329.png,bad
unclassified\15-1606791889.png,bad
unclassified\15-1606807870.png,bad
unclassified\15-1606808318.png,bad
unclassified\15-1606808561.png,bad
unclassified\15-1606808726.png,bad
unclassified\15-1606808897.png,bad
unclassified\15-1606809038.png,bad
unclassified\15-1606809457.png,bad
unclassified\15-1606809812.png,bad
unclassified\15-1606810511.png,bad
unclassified\15-1606810866.png,bad
unclassified\15-1606811253.png,bad
unclassified\15-1606825630.png,bad
unclassified\15-1606826298.png,bad
unclassified\15-1606826740.png,bad
unclassified\15-1606826969.png,bad
unclassified\15-1606827164.png,bad
unclassified\15-1606827328.png,bad
unclassified\15-1606827687.png,bad
unclassified\15-1606827835.png,bad
unclassified\15-1606827994.png,bad
unclassified\15-1606828215.png,bad
unclassified\15-1606828477.png,bad
unclassified\15-1606828726.png,bad
unclassified\15-1606828937.png,bad
unclassified\15-1606876314.png,bad
unclassified\15-1606876462.png,bad
unclassified\15-1606876579.png,bad
unclassified\15-1606876690.png,bad
unclassified\15-1606876890.png,bad
unclassified\15-1606877029.png,bad
unclassified\15-1606877425.png,bad
unclassified\15-1606878035.png,bad
unclassified\15-1606894474.png,bad
unclassified\15-1606894616.png,bad
unclassified\15-1606894726.png,bad
unclassified\15-1606894843.png,bad
unclassified\15-1606894970.png,bad
unclassified\15-1606895153.png,bad
unclassified\15-1606895258.png,bad
unclassified\15-1606895432.png,bad
unclassified\15-1606895603.png,bad
unclassified\15-1606895775.png,bad
unclassified\15-1606895906.png,bad
unclassified\15-1606896546.png,bad
unclassified\15-1606896838.png,bad
unclassified\15-1606897335.png,bad
unclassified\15-1606897749.png,bad
unclassified\15-1606911316.png,bad
unclassified\15-1606913849.png,bad
unclassified\15-1606914052.png,bad
unclassified\15-1606914664.png,bad
unclassified\15-1606915120.png,bad
unclassified\15-1606915186.png,bad
unclassified\15-1606915346.png,bad
unclassified\21-1603507328.png,bad
unclassified\21-1603524866.png,bad
unclassified\21-1603524919.png,bad
unclassified\21-1603524967.png,bad
unclassified\21-1603525428.png,good
unclassified\21-1603525585.png,bad
unclassified\21-1603525687.png,bad
unclassified\21-1603525773.png,bad
unclassified\21-1603526084.png,bad
unclassified\21-1603526142.png,bad
unclassified\21-1603526751.png,bad
unclassified\21-1603526789.png,bad
unclassified\21-1603544417.png,bad
unclassified\21-1603544522.png,bad
unclassified\21-1603544556.png,bad
unclassified\21-1603544735.png,bad
unclassified\21-1603545115.png,bad
unclassified\21-1603545187.png,bad
unclassified\21-1603545587.png,bad
unclassified\21-1603545798.png,bad
unclassified\21-1603546241.png,bad
unclassified\21-1603680165.png,bad
unclassified\21-1603680219.png,bad
unclassified\21-1603680255.png,bad
unclassified\21-1603680390.png,bad
unclassified\21-1603680465.png,bad
unclassified\21-1603680746.png,bad
unclassified\21-1603680877.png,bad
unclassified\21-1603681342.png,bad
unclassified\21-1603681384.png,bad
unclassified\21-1603698588.png,bad
unclassified\21-1603698734.png,bad
unclassified\21-1603698960.png,bad
unclassified\21-1603699090.png,bad
unclassified\21-1603699310.png,bad
unclassified\21-1603699751.png,bad
unclassified\21-1603700764.png,bad
unclassified\21-1603700797.png,bad
unclassified\21-1603717551.png,bad
unclassified\21-1603717958.png,bad
unclassified\21-1603718725.png,bad
unclassified\21-1603719053.png,bad
unclassified\21-1603719112.png,bad
unclassified\21-1603719377.png,bad
unclassified\21-1603719447.png,bad
unclassified\21-1603719700.png,bad
unclassified\21-1603719821.png,bad
unclassified\21-1603852790.png,bad
unclassified\21-1603852863.png,bad
unclassified\21-1603853124.png,bad
unclassified\21-1603853427.png,bad
unclassified\21-1603853458.png,bad
unclassified\21-1603854420.png,good
unclassified\21-1603871460.png,bad
unclassified\21-1603871500.png,bad
unclassified\21-1603872069.png,bad
unclassified\21-1603872109.png,bad
unclassified\21-1603873415.png,bad
unclassified\21-1603873508.png,bad
unclassified\21-1603889797.png,bad
unclassified\21-1603891266.png,bad
unclassified\21-1603892561.png,bad
unclassified\21-1603892817.png,bad
unclassified\21-1603893066.png,bad
unclassified\21-1604044318.png,bad
unclassified\21-1604044371.png,bad
unclassified\21-1604044433.png,bad
unclassified\21-1604044473.png,bad
unclassified\21-1604044604.png,bad
unclassified\21-1604044697.png,bad
unclassified\21-1604044729.png,bad
unclassified\21-1604045136.png,bad
unclassified\21-1604045822.png,bad
unclassified\21-1604046088.png,bad
unclassified\21-1604046378.png,bad
unclassified\21-1604063568.png,bad
unclassified\21-1604063913.png,bad
unclassified\21-1604064294.png,bad
unclassified\21-1604064397.png,bad
unclassified\21-1604064431.png,bad
unclassified\21-1604064947.png,good
unclassified\21-1604065090.png,bad
unclassified\21-1604065684.png,bad
unclassified\21-1604065727.png,bad
unclassified\21-1604065882.png,bad
unclassified\21-1604066352.png,bad
unclassified\21-1604066787.png,bad
unclassified\21-1604285196.png,bad
unclassified\21-1604285340.png,bad
unclassified\21-1604285374.png,bad
unclassified\21-1604285645.png,bad
unclassified\21-1604285939.png,bad
unclassified\21-1604286361.png,bad
unclassified\21-1604304365.png,bad
unclassified\21-1604304399.png,bad
unclassified\21-1604304431.png,bad
unclassified\21-1604304462.png,bad
unclassified\21-1604304663.png,bad
unclassified\21-1604305102.png,bad
unclassified\21-1604305640.png,bad
unclassified\21-1604322369.png,bad
unclassified\21-1604322716.png,bad
unclassified\21-1604322800.png,bad
unclassified\21-1604322894.png,bad
unclassified\21-1604323025.png,bad
unclassified\21-1604323174.png,bad
unclassified\21-1604323713.png,bad
unclassified\21-1604323782.png,bad
unclassified\21-1604323980.png,bad
unclassified\21-1604324207.png,bad
unclassified\21-1604324468.png,bad
unclassified\21-1604325396.png,bad
unclassified\21-1604325483.png,bad
unclassified\21-1604457320.png,bad
unclassified\21-1604457393.png,good
unclassified\21-1604457435.png,bad
unclassified\21-1604457551.png,bad
unclassified\21-1604477179.png,bad
unclassified\21-1604477878.png,good
unclassified\21-1604495351.png,bad
unclassified\21-1604495386.png,bad
unclassified\21-1604495417.png,bad
unclassified\21-1604495524.png,bad
unclassified\21-1604495750.png,bad
unclassified\21-1604495976.png,good
unclassified\21-1604496040.png,bad
unclassified\21-1604496109.png,bad
unclassified\21-1604496137.png,bad
unclassified\21-1604496166.png,bad
unclassified\21-1604496251.png,bad
unclassified\21-1604496623.png,bad
unclassified\21-1604716964.png,bad
unclassified\21-1604717153.png,bad
unclassified\21-1604717254.png,bad
unclassified\21-1604736814.png,bad
unclassified\21-1604737025.png,bad
unclassified\21-1604889564.png,bad
unclassified\21-1604889605.png,bad
unclassified\21-1604889644.png,bad
unclassified\21-1604889703.png,bad
unclassified\21-1604891041.png,bad
unclassified\21-1604908785.png,bad
unclassified\21-1604908907.png,bad
unclassified\21-1604909004.png,bad
unclassified\21-1604910132.png,bad
unclassified\21-1604927463.png,bad
unclassified\21-1604927569.png,bad
unclassified\21-1604928223.png,bad
unclassified\21-1604928310.png,bad
unclassified\21-1604928724.png,bad
unclassified\21-1604929147.png,bad
unclassified\21-1604929420.png,bad
unclassified\21-1604929564.png,bad
unclassified\21-1604929622.png,bad
unclassified\21-1604929657.png,bad
unclassified\21-1604929699.png,bad
unclassified\21-1605061800.png,bad
unclassified\21-1605062187.png,bad
unclassified\21-1605062485.png,bad
unclassified\21-1605062545.png,bad
unclassified\21-1605064020.png,bad
unclassified\21-1605082176.png,bad
unclassified\21-1605082809.png,bad
unclassified\21-1605083294.png,bad
unclassified\21-1605099645.png,bad
unclassified\21-1605099860.png,bad
unclassified\21-1605100317.png,bad
unclassified\21-1605101089.png,bad
unclassified\21-1605101137.png,bad
unclassified\21-1605101318.png,bad
unclassified\21-1605102037.png,bad
unclassified\21-1605102130.png,bad
unclassified\21-1605320331.png,bad
unclassified\21-1605320816.png,bad
unclassified\21-1605321118.png,bad
unclassified\21-1605321512.png,bad
unclassified\21-1605321757.png,bad
unclassified\21-1605355851.png,bad
unclassified\21-1605357124.png,bad
unclassified\21-1605357709.png,bad
unclassified\21-1605357764.png,bad
unclassified\21-1605357846.png,bad
unclassified\21-1605358260.png,bad
unclassified\21-1605494446.png,bad
unclassified\21-1605494474.png,good
unclassified\21-1605494504.png,bad
unclassified\21-1605494581.png,bad
unclassified\21-1605494773.png,good
unclassified\21-1605495335.png,bad
unclassified\21-1605495978.png,bad
unclassified\21-1605531103.png,bad
unclassified\21-1605531206.png,bad
unclassified\21-1605531722.png,bad
unclassified\21-1605532025.png,bad
unclassified\21-1605532198.png,bad
unclassified\21-1605532310.png,bad
unclassified\21-1605532527.png,bad
unclassified\21-1605532606.png,bad
unclassified\21-1605534076.png,bad
unclassified\21-1605666980.png,bad
unclassified\21-1605667050.png,bad
unclassified\21-1605667246.png,bad
unclassified\21-1605668092.png,bad
unclassified\21-1605685435.png,bad
unclassified\21-1605685530.png,bad
unclassified\21-1605685573.png,bad
unclassified\21-1605685633.png,bad
unclassified\21-1605685938.png,bad
unclassified\21-1605686234.png,bad
unclassified\21-1605686603.png,bad
unclassified\21-1605686662.png,bad
unclassified\21-1605686823.png,bad
unclassified\21-1605687042.png,bad
unclassified\21-1605687524.png,bad
unclassified\21-1605687698.png,bad
unclassified\21-1605705592.png,bad
unclassified\21-1605705996.png,bad
unclassified\21-1605707529.png,bad
unclassified\21-1605925501.png,bad
unclassified\21-1605925546.png,bad
unclassified\21-1605925585.png,bad
unclassified\21-1605925670.png,bad
unclassified\21-1605926223.png,bad
unclassified\21-1605926367.png,bad
unclassified\21-1605927327.png,bad
unclassified\21-1605945681.png,bad
unclassified\21-1605945863.png,bad
unclassified\21-1605945911.png,bad
unclassified\21-1605961322.png,bad
unclassified\21-1605961355.png,bad
unclassified\21-1605962629.png,bad
unclassified\21-1605962783.png,bad
unclassified\21-1605962829.png,bad
unclassified\21-1605962868.png,bad
unclassified\21-1605962918.png,bad
unclassified\21-1605963340.png,bad
unclassified\21-1605963487.png,bad
unclassified\21-1605963617.png,bad
unclassified\21-1605963660.png,bad
unclassified\21-1605963977.png,bad
unclassified\21-1606099181.png,bad
unclassified\21-1606099214.png,good
unclassified\21-1606099598.png,bad
unclassified\21-1606099653.png,bad
unclassified\21-1606099752.png,bad
unclassified\21-1606099829.png,bad
unclassified\21-1606100802.png,good
unclassified\21-1606118279.png,bad
unclassified\21-1606118365.png,bad
unclassified\21-1606118478.png,bad
unclassified\21-1606118788.png,bad
unclassified\21-1606118983.png,good
unclassified\21-1606136402.png,bad
unclassified\21-1606136495.png,bad
unclassified\21-1606136803.png,bad
unclassified\21-1606137057.png,bad
unclassified\21-1606137179.png,bad
unclassified\21-1606137346.png,bad
unclassified\21-1606137784.png,bad
unclassified\21-1606138548.png,bad
unclassified\21-1606139140.png,bad
unclassified\21-1606139422.png,bad
unclassified\21-1606271625.png,bad
unclassified\21-1606271690.png,bad
unclassified\21-1606272185.png,bad
unclassified\21-1606272537.png,good
unclassified\21-1606273241.png,bad
unclassified\21-1606290388.png,bad
unclassified\21-1606290437.png,bad
unclassified\21-1606290504.png,bad
unclassified\21-1606290612.png,bad
unclassified\21-1606290996.png,bad
unclassified\21-1606291360.png,bad
unclassified\21-1606292024.png,bad
unclassified\21-1606309036.png,bad
unclassified\21-1606309067.png,bad
unclassified\21-1606309485.png,bad
unclassified\21-1606309528.png,bad
unclassified\21-1606309580.png,bad
unclassified\21-1606310334.png,bad
unclassified\21-1606312108.png,bad
unclassified\21-1606312504.png,bad
unclassified\21-1606481521.png,bad
unclassified\21-1606481795.png,bad
unclassified\21-1606482064.png,bad
unclassified\21-1606482259.png,bad
unclassified\21-1606482498.png,bad
unclassified\21-1606482837.png,bad
unclassified\21-1606483054.png,bad
unclassified\21-1606483947.png,bad
unclassified\21-1606484090.png,bad
unclassified\21-1606484304.png,bad
unclassified\21-1606485364.png,bad
unclassified\21-1606485890.png,bad
unclassified\21-1606530463.png,bad
unclassified\21-1606530579.png,bad
unclassified\21-1606530679.png,bad
unclassified\21-1606530708.png,bad
unclassified\21-1606530809.png,bad
unclassified\21-1606530871.png,bad
unclassified\21-1606530972.png,bad
unclassified\21-1606531010.png,bad
unclassified\21-1606531188.png,bad
unclassified\21-1606531563.png,bad
unclassified\21-1606550776.png,bad
unclassified\21-1606550826.png,bad
unclassified\21-1606551391.png,bad
unclassified\21-1606567010.png,bad
unclassified\21-1606567040.png,bad
unclassified\21-1606567439.png,bad
unclassified\21-1606567474.png,bad
unclassified\21-1606567517.png,bad
unclassified\21-1606567948.png,bad
unclassified\21-1606567989.png,bad
unclassified\21-1606568070.png,bad
unclassified\21-1606568172.png,bad
unclassified\21-1606568222.png,bad
unclassified\21-1606569270.png,bad
unclassified\21-1606569375.png,bad
unclassified\22-1603982548.png,bad
unclassified\22-1603983222.png,bad
unclassified\22-1603983523.png,bad
unclassified\22-1603984558.png,bad
unclassified\22-1603984678.png,bad
unclassified\22-1603984737.png,bad
unclassified\22-1603984906.png,bad
unclassified\22-1603985164.png,bad
unclassified\22-1603985190.png,bad
unclassified\22-1603985294.png,bad
unclassified\22-1604118824.png,bad
unclassified\22-1604118864.png,bad
unclassified\22-1604119023.png,bad
unclassified\22-1604119199.png,bad
unclassified\22-1604120343.png,bad
unclassified\22-1604138069.png,bad
unclassified\22-1604138494.png,bad
unclassified\22-1604138635.png,bad
unclassified\22-1604138750.png,bad
unclassified\22-1604138963.png,bad
unclassified\22-1604139482.png,bad
unclassified\22-1604139557.png,bad
unclassified\22-1604155548.png,bad
unclassified\22-1604155589.png,bad
unclassified\22-1604155806.png,bad
unclassified\22-1604156089.png,bad
unclassified\22-1604156124.png,bad
unclassified\22-1604156178.png,bad
unclassified\22-1604156262.png,bad
unclassified\22-1604156384.png,bad
unclassified\22-1604156489.png,bad
unclassified\22-1604156550.png,bad
unclassified\22-1604156587.png,bad
unclassified\22-1604156640.png,bad
unclassified\22-1604158041.png,bad
unclassified\22-1604377928.png,bad
unclassified\22-1604378000.png,bad
unclassified\22-1604378071.png,bad
unclassified\22-1604378203.png,bad
unclassified\22-1604378456.png,bad
unclassified\22-1604378567.png,bad
unclassified\22-1604378718.png,bad
unclassified\22-1604378844.png,bad
unclassified\22-1604396131.png,bad
unclassified\22-1604396408.png,bad
unclassified\22-1604396463.png,bad
unclassified\22-1604396571.png,bad
unclassified\22-1604396658.png,bad
unclassified\22-1604396837.png,bad
unclassified\22-1604397115.png,bad
unclassified\22-1604397170.png,bad
unclassified\22-1604397462.png,bad
unclassified\22-1604397575.png,bad
unclassified\22-1604397687.png,bad
unclassified\22-1604397930.png,bad
unclassified\22-1604398111.png,bad
unclassified\22-1604398315.png,bad
unclassified\22-1604398717.png,bad
unclassified\22-1604398976.png,bad
unclassified\22-1604399163.png,bad
unclassified\22-1604414900.png,bad
unclassified\22-1604415124.png,bad
unclassified\22-1604415299.png,bad
unclassified\22-1604415330.png,bad
unclassified\22-1604415641.png,bad
unclassified\22-1604415919.png,bad
unclassified\22-1604416085.png,bad
unclassified\22-1604416922.png,bad
unclassified\22-1604417388.png,bad
unclassified\22-1604551225.png,bad
unclassified\22-1604551358.png,bad
unclassified\22-1604551876.png,bad
unclassified\22-1604552036.png,bad
unclassified\22-1604569504.png,bad
unclassified\22-1604569891.png,bad
unclassified\22-1604569924.png,bad
unclassified\22-1604570036.png,bad
unclassified\22-1604570486.png,bad
unclassified\22-1604570693.png,bad
unclassified\22-1604571340.png,bad
unclassified\22-1604571388.png,bad
unclassified\22-1604571688.png,bad
unclassified\22-1604571759.png,bad
unclassified\22-1604587817.png,bad
unclassified\22-1604588039.png,bad
unclassified\22-1604588181.png,bad
unclassified\22-1604588238.png,bad
unclassified\22-1604589405.png,bad
unclassified\22-1604589522.png,bad
unclassified\22-1604589955.png,bad
unclassified\22-1604636877.png,bad
unclassified\22-1604637117.png,bad
unclassified\22-1604637169.png,bad
unclassified\22-1604637437.png,bad
unclassified\22-1604637795.png,bad
unclassified\22-1604637916.png,bad
unclassified\22-1604638815.png,bad
unclassified\22-1604655963.png,bad
unclassified\22-1604656162.png,bad
unclassified\22-1604656588.png,bad
unclassified\22-1604656635.png,bad
unclassified\22-1604656671.png,bad
unclassified\22-1604657737.png,bad
unclassified\22-1604657771.png,bad
unclassified\22-1604658264.png,bad
unclassified\22-1604675045.png,bad
unclassified\22-1604675113.png,bad
unclassified\22-1604675310.png,bad
unclassified\22-1604675548.png,bad
unclassified\22-1604675575.png,bad
unclassified\22-1604675685.png,bad
unclassified\22-1604982971.png,bad
unclassified\22-1604983183.png,bad
unclassified\22-1604983262.png,bad
unclassified\22-1604983295.png,bad
unclassified\22-1604983501.png,bad
unclassified\22-1604984153.png,bad
unclassified\22-1605000822.png,bad
unclassified\22-1605000909.png,bad
unclassified\22-1605001644.png,bad
unclassified\22-1605001825.png,bad
unclassified\22-1605002026.png,bad
unclassified\22-1605002367.png,bad
unclassified\22-1605002513.png,bad
unclassified\22-1605002743.png,bad
unclassified\22-1605002821.png,bad
unclassified\22-1605004033.png,bad
unclassified\22-1605019107.png,bad
unclassified\22-1605019632.png,bad
unclassified\22-1605019801.png,bad
unclassified\22-1605020168.png,bad
unclassified\22-1605020174.png,bad
unclassified\22-1605020590.png,bad
unclassified\22-1605020893.png,bad
unclassified\22-1605020980.png,bad
unclassified\22-1605021268.png,bad
unclassified\22-1605021440.png,bad
unclassified\22-1605021639.png,bad
unclassified\22-1605022120.png,bad
unclassified\22-1605155301.png,bad
unclassified\22-1605155426.png,bad
unclassified\22-1605155486.png,bad
unclassified\22-1605155637.png,bad
unclassified\22-1605155671.png,bad
unclassified\22-1605155814.png,bad
unclassified\22-1605155927.png,bad
unclassified\22-1605156612.png,bad
unclassified\22-1605174344.png,bad
unclassified\22-1605174773.png,bad
unclassified\22-1605175127.png,bad
unclassified\22-1605176094.png,bad
unclassified\22-1605177304.png,bad
unclassified\22-1605192447.png,bad
unclassified\22-1605192496.png,bad
unclassified\22-1605192547.png,bad
unclassified\22-1605192733.png,bad
unclassified\22-1605192827.png,bad
unclassified\22-1605193161.png,bad
unclassified\22-1605193264.png,bad
unclassified\22-1605193491.png,bad
unclassified\22-1605194046.png,bad
unclassified\22-1605194154.png,bad
unclassified\22-1605194521.png,bad
unclassified\22-1605194757.png,bad
unclassified\22-1605241854.png,bad
unclassified\22-1605242024.png,bad
unclassified\22-1605242110.png,bad
unclassified\22-1605242266.png,bad
unclassified\22-1605242314.png,bad
unclassified\22-1605242349.png,bad
unclassified\22-1605242403.png,bad
unclassified\22-1605242437.png,bad
unclassified\22-1605243306.png,bad
unclassified\22-1605243376.png,bad
unclassified\22-1605243584.png,bad
unclassified\22-1605243621.png,bad
unclassified\22-1605260210.png,bad
unclassified\22-1605260445.png,bad
unclassified\22-1605260555.png,bad
unclassified\22-1605260609.png,bad
unclassified\22-1605260641.png,bad
unclassified\22-1605260675.png,bad
unclassified\22-1605260715.png,bad
unclassified\22-1605260910.png,bad
unclassified\22-1605261061.png,bad
unclassified\22-1605261154.png,bad
unclassified\22-1605261294.png,bad
unclassified\22-1605261338.png,bad
unclassified\22-1605261814.png,bad
unclassified\22-1605263183.png,bad
unclassified\22-1605278513.png,bad
unclassified\22-1605278859.png,bad
unclassified\22-1605279051.png,bad
unclassified\22-1605280038.png,bad
unclassified\22-1605280367.png,bad
unclassified\22-1605280612.png,bad
unclassified\22-1605280667.png,bad
unclassified\22-1605281087.png,bad
unclassified\22-1605281206.png,bad
unclassified\22-1605281311.png,bad
unclassified\22-1605281351.png,bad
unclassified\22-1605587653.png,bad
unclassified\22-1605587862.png,bad
unclassified\22-1605587943.png,bad
unclassified\22-1605588015.png,bad
unclassified\22-1605588074.png,bad
unclassified\22-1605588112.png,bad
unclassified\22-1605588499.png,bad
unclassified\22-1605606965.png,bad
unclassified\22-1605607004.png,bad
unclassified\22-1605607250.png,bad
unclassified\22-1605607510.png,bad
unclassified\22-1605607626.png,bad
unclassified\22-1605607700.png,bad
unclassified\22-1605607823.png,bad
unclassified\22-1605608435.png,bad
unclassified\22-1605608501.png,bad
unclassified\22-1605623782.png,bad
unclassified\22-1605624074.png,bad
unclassified\22-1605624557.png,bad
unclassified\22-1605624663.png,bad
unclassified\22-1605624696.png,bad
unclassified\22-1605624788.png,bad
unclassified\22-1605625044.png,bad
unclassified\22-1605625112.png,bad
unclassified\22-1605626257.png,bad
unclassified\22-1605626352.png,bad
unclassified\22-1605626513.png,bad
unclassified\22-1605760344.png,bad
unclassified\22-1605760412.png,bad
unclassified\22-1605760667.png,bad
unclassified\22-1605760758.png,bad
unclassified\22-1605760839.png,bad
unclassified\22-1605761638.png,bad
unclassified\22-1605762132.png,bad
unclassified\22-1605779407.png,bad
unclassified\22-1605779567.png,bad
unclassified\22-1605780098.png,bad
unclassified\22-1605780134.png,bad
unclassified\22-1605780279.png,bad
unclassified\22-1605780377.png,bad
unclassified\22-1605780575.png,bad
unclassified\22-1605780909.png,bad
unclassified\22-1605781170.png,bad
unclassified\22-1605796857.png,bad
unclassified\22-1605797381.png,bad
unclassified\22-1605797496.png,bad
unclassified\22-1605798232.png,bad
unclassified\22-1605798489.png,bad
unclassified\22-1605798653.png,bad
unclassified\22-1605798716.png,bad
unclassified\22-1605798988.png,bad
unclassified\22-1605799046.png,bad
unclassified\22-1605846879.png,bad
unclassified\22-1605847068.png,bad
unclassified\22-1605847111.png,bad
unclassified\22-1605847152.png,bad
unclassified\22-1605847181.png,bad
unclassified\22-1605847779.png,bad
unclassified\22-1605847911.png,bad
unclassified\22-1605848638.png,bad
unclassified\22-1605865612.png,bad
unclassified\22-1605865676.png,bad
unclassified\22-1605865766.png,bad
unclassified\22-1605865794.png,bad
unclassified\22-1605865823.png,bad
unclassified\22-1605866171.png,bad
unclassified\22-1605866282.png,bad
unclassified\22-1605866319.png,bad
unclassified\22-1605866737.png,bad
unclassified\22-1605867237.png,bad
unclassified\22-1605867565.png,bad
unclassified\22-1606192451.png,bad
unclassified\22-1606192520.png,bad
unclassified\22-1606192551.png,bad
unclassified\22-1606192610.png,bad
unclassified\22-1606192778.png,bad
unclassified\22-1606193076.png,bad
unclassified\22-1606194140.png,bad
unclassified\22-1606211399.png,bad
unclassified\22-1606211428.png,bad
unclassified\22-1606211470.png,bad
unclassified\22-1606211693.png,bad
unclassified\22-1606211727.png,bad
unclassified\22-1606212085.png,bad
unclassified\22-1606212127.png,bad
unclassified\22-1606212158.png,bad
unclassified\22-1606212735.png,bad
unclassified\22-1606229059.png,bad
unclassified\22-1606229158.png,bad
unclassified\22-1606229956.png,bad
unclassified\22-1606229985.png,bad
unclassified\22-1606230987.png,bad
unclassified\22-1606231609.png,bad
unclassified\22-1606232194.png,bad
unclassified\22-1606365298.png,bad
unclassified\22-1606365368.png,bad
unclassified\22-1606365410.png,bad
unclassified\22-1606365444.png,bad
unclassified\22-1606365638.png,bad
unclassified\22-1606366632.png,bad
unclassified\22-1606384582.png,bad
unclassified\22-1606384629.png,bad
unclassified\22-1606385047.png,bad
unclassified\22-1606385995.png,bad
unclassified\22-1606386071.png,bad
unclassified\22-1606401685.png,bad
unclassified\22-1606401732.png,bad
unclassified\22-1606401909.png,bad
unclassified\22-1606402483.png,bad
unclassified\22-1606402575.png,bad
unclassified\22-1606402609.png,bad
unclassified\22-1606402651.png,bad
unclassified\22-1606402692.png,bad
unclassified\22-1606403125.png,bad
unclassified\22-1606404046.png,bad
unclassified\22-1606451331.png,bad
unclassified\22-1606451660.png,bad
unclassified\22-1606451736.png,bad
unclassified\22-1606451833.png,bad
unclassified\22-1606452706.png,bad
unclassified\22-1606452879.png,bad
unclassified\22-1606452909.png,bad
unclassified\22-1606453165.png,bad
unclassified\22-1606453198.png,bad
unclassified\sample-106-1534882955841986.png,bad
unclassified\storage_emulated_0_02-1586930731.png,bad
unclassified\storage_emulated_0_1584707169.png,bad
unclassified\storage_emulated_0_1584708016.png,good
unclassified\storage_emulated_0_1584708019.png,good
unclassified\storage_emulated_0_1584708043.png,good
unclassified\storage_emulated_0_1584708172.png,bad
